{
  "mbpp": {
    "pass@1": {
      "num_entries": 378,
      "avg_tokens": 980,
      "gen_seconds": 70,
      "passing_base_tests": 34.92063492063492,
      "passing_plus_tests": 31.48148148148148
    }
  }
}