{
  "human-eval": {
    "pass@1": {
      "num_entries": 164,
      "avg_tokens": 167,
      "gen_seconds": 15,
      "passing_base_tests": 59.146341463414636,
      "passing_plus_tests": 52.4390243902439
    }
  }
}