{
  "gsm8k": {
    "pass@1": {
      "num_entries": 1319,
      "avg_tokens": 305,
      "gen_seconds": 96,
      "symbolic_correct": 61.78923426838514,
      "no_answer": 11.220621683093253
    }
  }
}