{
  "ifeval": {
    "pass@1": {
      "num_prompts": 541,
      "num_instructions": 834,
      "average_score": 55.38194213575535,
      "prompt_strict_accuracy": 48.613678373382626,
      "instruction_strict_accuracy": 59.47242206235012,
      "prompt_loose_accuracy": 51.571164510166355,
      "instruction_loose_accuracy": 61.87050359712231,
      "num_entries": 541,
      "avg_tokens": 343,
      "gen_seconds": 40
    }
  }
}