{
  "ifeval": {
    "pass@1": {
      "num_prompts": 541,
      "num_instructions": 834,
      "average_score": 31.022076977974,
      "prompt_strict_accuracy": 23.10536044362292,
      "instruction_strict_accuracy": 36.69064748201439,
      "prompt_loose_accuracy": 25.32347504621072,
      "instruction_loose_accuracy": 38.968824940047966,
      "num_entries": 541,
      "avg_tokens": 1403,
      "gen_seconds": 91
    }
  }
}