{
  "mbpp": {
    "pass@1": {
      "num_entries": 378,
      "avg_tokens": 56,
      "gen_seconds": 17,
      "passing_base_tests": 69.84126984126983,
      "passing_plus_tests": 57.67195767195767
    }
  }
}