{
  "human-eval": {
    "pass@1": {
      "num_entries": 164,
      "avg_tokens": 1362,
      "gen_seconds": 58,
      "passing_base_tests": 23.170731707317074,
      "passing_plus_tests": 20.73170731707317
    }
  }
}